official,additional
请问/v 员工/n 转岗/v 该/r 怎么/r 申请/v 权限/n,请问/v 员工/n 轮岗/n 该/r 怎么/r 申请/v 权限/n
请问/v 员工/n 转岗/v 该/r 怎么/r 申请/v 权限/n,我/r 转到/v 别的/r 部门/n 了/ul 怎么/r 添加/v 新/a 部门/n 的/uj 权限/n
请问/v 员工/n 转岗/v 该/r 怎么/r 申请/v 权限/n,转岗/v 了要/v 怎么/r 开通/v 岗位/n 权限/n
请问/v 员工/n 转岗/v 该/r 怎么/r 申请/v 权限/n,你好/l 我/r 转到/v 运维部/n 了/ul 请问/v 怎么/r 申请/v 权限/n
请问/v 员工/n 转岗/v 该/r 怎么/r 申请/v 权限/n,岗位变动/n 权限/n 需要/v 怎么/r 申请/v
请问/v 新增/v 岗位/n 和/c 变动/vn 已有/v 岗位/n 的/uj 流程/n 是/v 什么/r,请问/v 新增/v 岗位/n 的/uj 流程/n 是/v 什么/r
请问/v 新增/v 岗位/n 和/c 变动/vn 已有/v 岗位/n 的/uj 流程/n 是/v 什么/r,请问/v 变动/vn 已有/v 岗位/n 的/uj 流程/n 是/v 什么/r
我/r 想/v 申请/v rmp/eng 组件/n 的/uj 权限/n 请问/v 流程/n 是/v 什么/r,我/r 想/v 申请/v scmtg/eng 组件/n 的/uj 权限/n 请问/v 流程/n 是/v 什么/r
我/r 想/v 申请/v rmp/eng 组件/n 的/uj 权限/n 请问/v 流程/n 是/v 什么/r,我/r 想/v 申请/v gpcdb/eng 组件/n 的/uj 权限/n 请问/v 流程/n 是/v 什么/r
我/r 想/v 申请/v rmp/eng 组件/n 的/uj 权限/n 请问/v 流程/n 是/v 什么/r,我/r 想/v 申请/v acpui/eng 组件/n 的/uj 权限/n 请问/v 流程/n 是/v 什么/r
我/r 想/v 申请/v rmp/eng 组件/n 的/uj 权限/n 请问/v 流程/n 是/v 什么/r,我/r 想/v 申请/v eagle/eng 组件/n 的/uj 权限/n 请问/v 流程/n 是/v 什么/r
我/r 想/v 申请/v rmp/eng 组件/n 的/uj 权限/n 请问/v 流程/n 是/v 什么/r,我/r 想/v 申请/v conf/eng 组件/n 的/uj 权限/n 请问/v 流程/n 是/v 什么/r
我/r 想/v 申请/v rmp/eng 组件/n 的/uj 权限/n 请问/v 流程/n 是/v 什么/r,我/r 想/v 申请/v smart/eng 组件/n 的/uj 权限/n 请问/v 流程/n 是/v 什么/r
我/r 想/v 申请/v rmp/eng 组件/n 的/uj 权限/n 请问/v 流程/n 是/v 什么/r,我/r 想/v 申请/v ngbdm/eng 组件/n 的/uj 权限/n 请问/v 流程/n 是/v 什么/r
我/r 想/v 申请/v rmp/eng 组件/n 的/uj 权限/n 请问/v 流程/n 是/v 什么/r,我/r 需要/v 开通/v dna/eng 控制台/v 权限/n 请问/v 流程/n 是/v 什么/r
我/r 想/v 申请/v rmp/eng 组件/n 的/uj 权限/n 请问/v 流程/n 是/v 什么/r,我/r 想/v 申请/v scm/eng 组件/n 的/uj 权限/n 请问/v 流程/n 是/v 什么/r
我/r 想/v 申请/v rmp/eng 组件/n 的/uj 权限/n 请问/v 流程/n 是/v 什么/r,我/r 想/v 申请/v dcdisplay/eng 组件/n 的/uj 权限/n 请问/v 流程/n 是/v 什么/r
我/r 想/v 申请/v rmp/eng 组件/n 的/uj 权限/n 请问/v 流程/n 是/v 什么/r,这个/r 权限/n 怎么/r 申请/v
我/r 想/v 申请/v rmp/eng 组件/n 的/uj 权限/n 请问/v 流程/n 是/v 什么/r,我/r 想/v 申请/v dccollect/eng 组件/n 的/uj 权限/n 请问/v 流程/n 是/v 什么/r
我/r 想/v 申请/v rmp/eng 组件/n 的/uj 权限/n 请问/v 流程/n 是/v 什么/r,ci/eng 的/uj 权限/n 怎么/r 申请/v
我/r 想/v 申请/v rmp/eng 组件/n 的/uj 权限/n 请问/v 流程/n 是/v 什么/r,customerinsight/eng 的/uj 权限/n 怎么/r 申请/v
我/r 想/v 申请/v rmp/eng 组件/n 的/uj 权限/n 请问/v 流程/n 是/v 什么/r,请问/v ccm/eng 权限/n 申请/v 流程/n 是/v 怎样/r 的/uj
我/r 想/v 申请/v rmp/eng 组件/n 的/uj 权限/n 请问/v 流程/n 是/v 什么/r,我/r 需要/v 开通/v dnaconsole/eng 权限/n 请问/v 流程/n 是/v 什么/r
我/r 想/v 申请/v rmp/eng 组件/n 的/uj 权限/n 请问/v 流程/n 是/v 什么/r,我/r 需要/v 开通/v dcuser/eng 权限/n 请问/v 流程/n 是/v 什么/r
我/r 想/v 申请/v rmp/eng 组件/n 的/uj 权限/n 请问/v 流程/n 是/v 什么/r,我/r 需要/v 开通/v dnauser/eng 权限/n 请问/v 流程/n 是/v 什么/r
我/r 想/v 申请/v wsms/eng 组件/n 的/uj 权限/n 请问/v 流程/n 是/v 什么/r,portal/eng 账号/n 需要/v 申请/v rct/eng 平台/n 运维/n 管理员/n rctoperation/eng 权限/n 现在/t 是/v 需要/v pms/eng 操作/v 还是/c 邮件/n 申请/v 呢/y
我/r 想/v 申请/v gdui/eng 系统/n 的/uj gduibusiness/eng 角色/n 请问/v 需要/v 走/v 什么/r 流程/n,我/r 想/v 申请/v gdui/eng 组件/n 的/uj 权限/n 请问/v 流程/n 是/v 什么/r
申请/v si/eng 权限/n 请问/v 是/v 什么/r 流程/n,申请/v serviceinsight/eng 权限/n 请问/v 是/v 什么/r 流程/n
申请/v si/eng 权限/n 请问/v 是/v 什么/r 流程/n,你好/l 请问/v 怎么/r 申请/v si/eng 的/uj 权限/n
申请/v si/eng 权限/n 请问/v 是/v 什么/r 流程/n,你好/l 请问/v 在/p 哪里/r 可以/c 申请/v si/eng 的/uj 权限/n
申请/v si/eng 权限/n 请问/v 是/v 什么/r 流程/n,你好/l 我/r 想/v 申请/v si/eng 权限/n 去/v 哪里/r 申请/v
portal/eng 账号/n 关联/ns 一个/m 角色/n 请问/v 在/p 哪里/r 申请/v,请问/v protal/eng 关联/ns 角色/n 走/v 什么/r 流程/n
请问/v 部门/n 岗位/n 化/n 之后/f 就/d 不能/v 再/d 申请/v 角色/n 了/ul 吗/y,部门/n 岗位/n 划分/v 后/f 还/d 可以/c 申请/v 角色/n 么/y
我/r 需要/v 开通/v portal/eng 系统/n 的/uj 权限/n 参考/v 我/r 同事/n 的/uj 账号/n 谢谢/nr,帮/v 我/r 开通/v 下/v portal/eng 权限/n 好/a 吗/y
我/r 需要/v 开通/v portal/eng 系统/n 的/uj 权限/n 参考/v 我/r 同事/n 的/uj 账号/n 谢谢/nr,能/v 帮/v 我/r 开通/v portal/eng 上/ns 某某/r 菜单/n 的/uj 权限/n 吗/y
我/r 需要/v 开通/v portal/eng 系统/n 的/uj 权限/n 参考/v 我/r 同事/n 的/uj 账号/n 谢谢/nr,portal/eng 上/f 的/uj 某某/r 信息/n 我/r 没有/v 权限/n 查询/v 可以/c 帮忙/v 开通/v 吗/y
你好/l,请问/v 在/p 吗/y
你好/l,hello/eng
能否/v 协助/v 查询/v 一下/m 组件/n 管理员/n 的/uj 姓名/n 谢谢/nr,某个/r 组件/n 管理员/n 可以/c 帮/v 我/r 查/v 一下/m 吗/y
能否/v 协助/v 查询/v 一下/m 组件/n 管理员/n 的/uj 姓名/n 谢谢/nr,task/eng 组件/n 管理员/n 是/v
能否/v 协助/v 查询/v 一下/m 组件/n 管理员/n 的/uj 姓名/n 谢谢/nr,pms/eng 组件/n 管理员/n 是/v
我/r 想/v 知道/v 这个/r 组件/n 是否/v 可以/c 使用/v 岗位/n 进行/v 管理/vn 能否/v 协助/v 查询/v 一下/m 谢谢/nr,我/r 想/v 知道/v 这个/r 组件/n 是否/v 不能/v 使用/v 岗位/n 进行/v 管理/vn 能否/v 协助/v 查询/v 一下/m 谢谢/nr
我/r 想/v 知道/v 这个/r 组件/n 是否/v 可以/c 使用/v 岗位/n 进行/v 管理/vn 能否/v 协助/v 查询/v 一下/m 谢谢/nr,这个/r 组件/n 可以/c 使用/v 岗位/n 进行/v 管理/vn
我/r 想/v 查询/v 某个/r 角色/n 中/f 的/uj 权限/n 是否/v 包含/v 在/p 某个/r 岗位/n 中/f 能否/v 协助/v 查询/v 一下/m 谢谢/nr,能/v 不能/v 帮忙/v 查/v 一下/m 某个/r 岗位/n 中/f 是否/v 有/v 某个/r 角色/n 的/uj 权限/n
我/r 想/v 查询/v 某个/r 角色/n 中/f 的/uj 权限/n 是否/v 包含/v 在/p 某个/r 岗位/n 中/f 能否/v 协助/v 查询/v 一下/m 谢谢/nr,某个/r 岗位/n 中/f 有/v 某个/r 角色/n 的/uj 权限/n 吗/y 能/v 帮忙/v 看/v 下/f
我/r 想/v 查询/v 某个/r 角色/n 中/f 的/uj 权限/n 是否/v 包含/v 在/p 某个/r 岗位/n 中/f 能否/v 协助/v 查询/v 一下/m 谢谢/nr,岗位/n 有/v 哪些/r 角色/n 权限/n
我/r 需要/v 两个/m 组件/n 的/uj 权限/n 请/v 告知/v 哪些/r 岗位/n 里面/f 有/v,哪些/r 岗位/n 有/v 这/r 两个/m 组件/n 的/uj 权限/n 呢/y
我/r 需要/v 两个/m 组件/n 的/uj 权限/n 请/v 告知/v 哪些/r 岗位/n 里面/f 有/v,我/r 想/v 申请/v 这/r 两个/m 组件/n 的/uj 权限/n 该/r 申请/v 哪个/r 岗位/n 好/a 呢/y
我/r 需要/v 两个/m 组件/n 的/uj 权限/n 请/v 告知/v 哪些/r 岗位/n 里面/f 有/v,什么/r 岗位/n 有/v 这/r 两个/m 组件/n 的/uj 权限/n 呢/y
我/r 需要/v 两个/m 组件/n 的/uj 权限/n 请/v 告知/v 哪些/r 岗位/n 里面/f 有/v,能/v 告知/v 我/r 适合/v 申请/v 哪个/r 岗位/n 才能/v 有/v 这个/r 组件/n 的/uj 权限/n 呢/y
我/r 需要/v 两个/m 组件/n 的/uj 权限/n 请/v 告知/v 哪些/r 岗位/n 里面/f 有/v,这/r 组件/n 的/uj 权限/n 可以/c 从/p 哪个/r 岗位/n 中/f 进行/v 获取/v 呢/y
能否/v 帮忙/v 查询/v 一下/m 我/r 是否/v 有/v 这个/r 权限/n 谢谢/nr,我/r 不/d 知道/v 我/r 是否/v 有/v 这个/r 权限/n 能/v 帮/v 我/r 看/v 下么/v 谢谢/nr
能否/v 帮忙/v 查询/v 一下/m 我/r 是否/v 有/v 这个/r 权限/n 谢谢/nr,能/v 帮/v 我/r 查下/v 我/r 有没有/v 这个/r 东西/ns 的/uj 权限/n 吗/y
能否/v 帮忙/v 查询/v 一下/m 我/r 是否/v 有/v 这个/r 权限/n 谢谢/nr,我/r 想/v 知道/v 我/r 有没有/v 这个/r 权限/n 方便/a 看下/v 吗/y
能否/v 帮忙/v 查询/v 一下/m 我/r 是否/v 有/v 这个/r 权限/n 谢谢/nr,能否/v 告诉/v 我/r 我/r 有没有/v 这个/r 东西/ns 的/uj 权限/n 呢/y
能否/v 帮忙/v 查询/v 一下/m 我/r 是否/v 有/v 这个/r 权限/n 谢谢/nr,请/v 帮/v 我/r 查询/v 看下/v 我/r 是否/v 有/v 这个/r 权限/n
能否/v 帮忙/v 查询/v 一下/m 我/r 是否/v 有/v 这个/r 权限/n 谢谢/nr,我/r 不/d 确实/ad 我/r 有没有/v 这个/r 权限/n 能/v 帮/v 我/r 看/v 一下/m 么/y
我/r 不/d 知道/v 自己/r 是否/v 有/v portal/eng 账号/n 能/v 不能/v 帮忙/v 查询/v 一下/m,我/r 不/d 知道/v 自己/r 的/uj 岗位/n 怎么办/l
我/r 不/d 知道/v 自己/r 是否/v 有/v portal/eng 账号/n 能/v 不能/v 帮忙/v 查询/v 一下/m,我/r 不/d 知道/v 自己/r 的/uj 岗位/n 要/v 怎么/r 申请/v 权限/n
我/r 不/d 知道/v 自己/r 是否/v 有/v portal/eng 账号/n 能/v 不能/v 帮忙/v 查询/v 一下/m,我/r 的/uj portal/eng 账号/n 的/uj 密码/n 忘记/v 了/ul 怎么办/l
我/r 不/d 知道/v 自己/r 是否/v 有/v portal/eng 账号/n 能/v 不能/v 帮忙/v 查询/v 一下/m,我/r 忘记/v 了/ul portal/eng 账号/n 怎么办/l
我/r 不/d 知道/v 自己/r 是否/v 有/v portal/eng 账号/n 能/v 不能/v 帮忙/v 查询/v 一下/m,为什么/r 我/r 的/uj 账号/n 老/a 是/v 验证/v 不/d 通过/p
我/r 不/d 知道/v 自己/r 是否/v 有/v portal/eng 账号/n 能/v 不能/v 帮忙/v 查询/v 一下/m,我/r 问/v 了/ul 半天/m 怎么/r 都/d 没反应/v 是不是/l 挂了/v
请问/v portal/eng 账号/n 的/uj 申请/v 流程/n 在/p 哪里/r,请问/v portal/eng 权限/n 的/uj 申请/v 流程/n 在/p 哪里/r
请问/v portal/eng 账号/n 的/uj 申请/v 流程/n 在/p 哪里/r,请问/v portal/eng 权限/n 怎么/r 申请/v
请问/v portal/eng 账号/n 的/uj 申请/v 流程/n 在/p 哪里/r,portal/eng 权限/n 要/v 怎么/r 申请/v 走/v 什么/r 流程/n 呢/y
请问/v portal/eng 账号/n 的/uj 申请/v 流程/n 在/p 哪里/r,portal/eng 权限/n 的/uj 申请/v
请问/v portal/eng 账号/n 的/uj 申请/v 流程/n 在/p 哪里/r,portal/eng 权限/n 怎么/r 开通/v
我/r 的/uj portal/eng 密码/n 不能/v 登录/v 怎么办/l,怎么/r 修改/v portal/eng 账号/n 的/uj 密码/n
我/r 的/uj portal/eng 密码/n 不能/v 登录/v 怎么办/l,portal/eng 登录不了/v 能/v 帮忙/v 看/v 下/f
我/r 的/uj portal/eng 密码/n 输错/v 现在/t 需要/v 等/u 分钟/q 才能/v 登录/v 急用/v 怎么办/l,portal/eng 密码/n 输错/v 了/ul 怎么/r 解锁/v 呀/y
我/r 的/uj portal/eng 密码/n 输错/v 现在/t 需要/v 等/u 分钟/q 才能/v 登录/v 急用/v 怎么办/l,portal/eng 密码/n 输错/v 一定/d 要/v 分钟/q 后/f 才能/v 登录/v 么/y 急用/v 啊/zg
我/r 的/uj portal/eng 密码/n 输错/v 现在/t 需要/v 等/u 分钟/q 才能/v 登录/v 急用/v 怎么办/l,怎么办/l 我/r portal/eng 密码/n 输错/v 被锁/v 了/ul 但是/c 我/r 急用/v
我/r 的/uj portal/eng 密码/n 输错/v 现在/t 需要/v 等/u 分钟/q 才能/v 登录/v 急用/v 怎么办/l,portal/eng 密码/n 输错/v 被锁/v 了/ul 现在/t 急用/v 怎么/r 处理/v
我/r 的/uj portal/eng 密码/n 输错/v 现在/t 需要/v 等/u 分钟/q 才能/v 登录/v 急用/v 怎么办/l,portal/eng 密码/n 输入/v 有误/vn 等待时间/n 长/a 急需/n 登录/v 怎么办/l
我/r 的/uj portal/eng 密码/n 输错/v 现在/t 需要/v 等/u 分钟/q 才能/v 登录/v 急用/v 怎么办/l,portal/eng 密码/n 出错/v 一直/d 登录/v 不/d 进去/v 怎么办/l
我/r 是/v 深圳/ns 资源/n 设备/vn 管理部/n 的/uj 我/r 想/v 申请/v portal/eng 账号/n 请问/v 流程/n 是/v 什么/r,我/r 是/v 深圳/ns 资源/n 设备/vn 管理部/n 的/uj 我/r 想/v 申请/v portal/eng 权限/n 请问/v 流程/n 是/v 什么/r
我/r 是/v 深圳/ns 资源/n 设备/vn 管理部/n 的/uj 我/r 想/v 申请/v portal/eng 账号/n 请问/v 流程/n 是/v 什么/r,我/r 是/v 深圳/ns 资源/n 设备/vn 管理部/n 的/uj 怎么/r 申请/v portal/eng 账号/n
我/r 是/v 新员工/n 请问/v portal/eng 账号/n 和/c 密码/n 是/v 找你/v 帮忙/v 创建/v 吗/y 谢谢/nr,请问/v 我/r 没有/v portal/eng 账号/n 该/r 如何/r 开通/v
我/r 是/v 新员工/n 请问/v portal/eng 账号/n 和/c 密码/n 是/v 找你/v 帮忙/v 创建/v 吗/y 谢谢/nr,请问/v 我/r 没有/v portal/eng 账号/n 该/r 如何/r 申请/v
我/r 是/v 新员工/n 请问/v portal/eng 账号/n 和/c 密码/n 是/v 找你/v 帮忙/v 创建/v 吗/y 谢谢/nr,请问/v 申请/v 正式/ad 环境/n 的/uj 线上/a portal/eng 账号/n 是/v 找/v 哪位/r
为/p cdnw/eng 客服/n 申请/v 开通/v portal/eng 账号/n 应/v 使用/v pms/eng 的/uj 哪/r 张/q 工单/n,怎么/r 用工/n 单/d 为/p cdnw/eng 客服/n 申请/v portal/eng 账号/n
为/p cdnw/eng 客服/n 申请/v 开通/v portal/eng 账号/n 应/v 使用/v pms/eng 的/uj 哪/r 张/q 工单/n,能用/v pms/eng 工单/n 为/p cdnw/eng 客服/n 申请/v portal/eng 账号/n 么/y
为/p cdnw/eng 客服/n 申请/v 开通/v portal/eng 账号/n 应/v 使用/v pms/eng 的/uj 哪/r 张/q 工单/n,cdnw/eng 客服/n 的/uj portal/eng 账号/n 能用/v pms/eng 工单/n 申请/v 么/y
为/p cdnw/eng 客服/n 申请/v 开通/v portal/eng 账号/n 应/v 使用/v pms/eng 的/uj 哪/r 张/q 工单/n,cdnw/eng 客服/n 怎么/r 开通/v portal/eng 账号/n
为/p cdnw/eng 客服/n 申请/v 开通/v portal/eng 账号/n 应/v 使用/v pms/eng 的/uj 哪/r 张/q 工单/n,cdnw/eng 客服/n 怎么/r 在/p pms/eng 开通/v 账号/n
为/p cdnw/eng 客服/n 申请/v 开通/v portal/eng 账号/n 应/v 使用/v pms/eng 的/uj 哪/r 张/q 工单/n,cdnw/eng 客服/n 怎么/r 申请/v portal/eng 账号/n 哈/nr
提示/v 登录/v 位置/v 非法/b 怎么/r 解决/v,我/r 电脑/n 怎么/r 说/v 登录/v 位置/v 非法/b 了/ul
提示/v 登录/v 位置/v 非法/b 怎么/r 解决/v,老哥/n 登录/v 位置/v 非法/b 咋/r 整/v 啊/y
提示/v 登录/v 位置/v 非法/b 怎么/r 解决/v,小/a 哥哥/ns 帮/v 我/r 解决/v 下/f 登录/v 位置/v 非法/b 的/uj 问题/n 吧/y 笔芯/n 哦/zg
提示/v 登录/v 位置/v 非法/b 怎么/r 解决/v,登录/v 位置/v 非法/b 该/r 怎么/r 解决/v
请问/v portal/eng 账号/n 是否/v 可以/c 批量/n 创建/v,portal/eng 账号/n 怎么/r 批量/n 创建/v
请问/v portal/eng 账号/n 是否/v 可以/c 批量/n 创建/v,你好/l 如何/r 批量/n 创建/v portal/eng 账号/n
请问/v portal/eng 账号/n 是否/v 可以/c 批量/n 创建/v,怎么/r 批量/n 申请/v portal/eng 账号/n
请问/v portal/eng 账号/n 是否/v 可以/c 批量/n 创建/v,多个/m portal/eng 账号/n 怎么/r 一起/m 创建/v
请问/v portal/eng 账号/n 是否/v 可以/c 批量/n 创建/v,请教/v 下/v portal/eng 批量/n 账号/n 问题/n
申请/v 客户/n portal/eng 账号/n 的/uj 申请/v 流程/n 是/v 什么/r,请问/v 如何/r 给/p 客户/n 添加/v 权限/n
申请/v 客户/n portal/eng 账号/n 的/uj 申请/v 流程/n 是/v 什么/r,请问/v 如果/c 需要/v 为/p 客户/n 权限/n 新增/v 角色/n 该/r 怎么/r 走流程/v
请问/v portal/eng 共用/n 账号/n 如何/r 申请/v,请问/v portal/eng 公共/b 账号/n 如何/r 申请/v
请问/v portal/eng 共用/n 账号/n 如何/r 申请/v,我/r 要/v 申请/v portal/eng 共用/n 账号/n 请问/v 怎么/r 走流程/v
请问/v portal/eng 共用/n 账号/n 如何/r 申请/v,请问/v 怎么/r 申请/v portal/eng 公共/b 账号/n
我/r 需要/v 申请/v 一个/m 特殊/a 的/uj 账号/n 请问/v 该/r 要/v 如何/r 操作/v 呢/y,怎么/r 申请/v 特殊/a 权限/n
我/r 需要/v 申请/v 一个/m 特殊/a 的/uj 账号/n 请问/v 该/r 要/v 如何/r 操作/v 呢/y,需要/v 一个/m 不/d 一样/r 的/uj 账号/n 怎么/r 走流程/v
我/r 需要/v 申请/v 一个/m 特殊/a 的/uj 账号/n 请问/v 该/r 要/v 如何/r 操作/v 呢/y,你好/l 特殊/a 账号/n 要/v 怎么/r 申请/v
我/r 需要/v 申请/v 一个/m 特殊/a 的/uj 账号/n 请问/v 该/r 要/v 如何/r 操作/v 呢/y,特殊/a 账号/n 需要/v 找谁/v 申请/v 走/v 什么/r 流程/n
我/r 需要/v 申请/v 一个/m 特殊/a 的/uj 账号/n 请问/v 该/r 要/v 如何/r 操作/v 呢/y,你好/l 请教/v 下/f 特殊/a 账号/n 问题/n
请问/v 申请/v pms/eng 测试环境/n 账号/n 的/uj 流程/n 是/v 什么/r,怎么/r 申请/v pms/eng 测试/vn 账号/n
请问/v 申请/v pms/eng 测试环境/n 账号/n 的/uj 流程/n 是/v 什么/r,pms/eng 测试/vn 账号/n 怎么/r 开通/v
请问/v 申请/v pms/eng 测试环境/n 账号/n 的/uj 流程/n 是/v 什么/r,怎么/r 申请/v pms/eng 的/uj 测试环境/n 账号/n
请问/v 申请/v pms/eng 测试环境/n 账号/n 的/uj 流程/n 是/v 什么/r,pms/eng 测试环境/n 账号/n 要/v 找谁/v 开通/v
请问/v 申请/v pms/eng 测试环境/n 账号/n 的/uj 流程/n 是/v 什么/r,请问/v 我/r 需要/v 登录/v pms/eng 测试环境/n 账号/n 要/v 怎么/r 开通/v
请问/v 如何/r 申请/v 外网/n 测试环境/n 的/uj 账号/n,请问/v 内网/n 测试环境/n 的/uj 权限/n 该/r 如何/r 申请/v
请问/v 如何/r 申请/v 外网/n 测试环境/n 的/uj 账号/n,请问/v 内网/n 测试环境/n 的/uj portal/eng 账号/n 该/r 如何/r 申请/v
请问/v 如何/r 申请/v 外网/n 测试环境/n 的/uj 账号/n,请问/v 公网/n 测试环境/n 的/uj 权限/n 怎么/r 开通/v
请问/v 如何/r 申请/v 外网/n 测试环境/n 的/uj 账号/n,测试环境/n 的/uj 账号/n 也/d 要/v 申请/v 吗/y
请问/v 如何/r 申请/v 外网/n 测试环境/n 的/uj 账号/n,测试环境/n 的/uj 权限/n 也/d 要/v 申请/v 吗/y
登录/v portal/eng 测试环境/n 有没有/v ip/eng 限制/v,portal/eng 测试环境/n 登录不了/v 是/v 有/v ip/eng 限制/v 吗/y
登录/v portal/eng 测试环境/n 有没有/v ip/eng 限制/v,请问/v portal/eng 测试环境/n 有/v ip/eng 限制/v 吗/y
登录/v portal/eng 测试环境/n 有没有/v ip/eng 限制/v,你好/l 我/r 想/v 问/v 一下/m 登录/v portal/eng 测试环境/n 是因为/c ip/eng 限制/v 吗/y
登录/v portal/eng 测试环境/n 有没有/v ip/eng 限制/v,portal/eng 登录/v 有没有/v ip/eng 限制/v
登录/v portal/eng 测试环境/n 有没有/v ip/eng 限制/v,你好/l 我/r 想/v 登录/v portal/eng 的/uj 测试环境/n 它/r 会/v 不会/v 限制/v 我/r 的/uj ip/eng 呢/y
登录/v portal/eng 测试环境/n 有没有/v ip/eng 限制/v,portal/eng 的/uj 测试环境/n 有没有/v ip/eng 登录/v 限制/v
登录/v portal/eng 测试环境/n 有没有/v ip/eng 限制/v,登录/v portal/eng 的/uj 测试环境/n 会/v 受到/v ip/eng 限制/v 吗/y
登录/v portal/eng 测试环境/n 有没有/v ip/eng 限制/v,portal/eng 的/uj 测试环境/n 会/v 因为/c ip/eng 被/p 限制/v 登录不上/v 吗/y
登录/v portal/eng 测试环境/n 有没有/v ip/eng 限制/v,会/v 不会/v 因为/c ip/eng 被/p 限制/v 而/c 登录不上/v portal/eng 的/uj 测试环境/n
登录/v portal/eng 测试环境/n 有没有/v ip/eng 限制/v,你好/l 我/r 登录不上/v portal/eng 的/uj 测试环境/n 是不是/l 因为/c ip/eng 被/p 限制/v 了/ul 呢/y
登录/v portal/eng 测试环境/n 有没有/v ip/eng 限制/v,是不是/l 因为/c ip/eng 被/p 限制/v 而/c 登录不上/v portal/eng 的/uj 测试环境/n
请问/v 新增/v 数据/n 资源/n 的/uj 流程/n 是/v 什么/r,请问/v 下/f 我/r 想要/v 新增/v 数据/n 资源/n 要/v 走/v 什么/r 流程/n
请问/v 新增/v 数据/n 资源/n 的/uj 流程/n 是/v 什么/r,你好/l 新增/v 数据/n 资源/n 要/v 走/v 什么/r 流程/n
请问/v 新增/v 数据/n 资源/n 的/uj 流程/n 是/v 什么/r,你好/l 我/r 想要/v 新增/v 数据/n 资源/n 要/v 走/v 什么/r 流程/n
请问/v 新增/v 数据/n 资源/n 的/uj 流程/n 是/v 什么/r,你好/l 我们/r 有/v 新增/v 数据/n 资源/n 的/uj 流程/n 吗/y 具体/a 是/v 怎样/r 的/uj
请问/v 新增/v 数据/n 资源/n 的/uj 流程/n 是/v 什么/r,请问/v 添加/v 数据/n 资源/n 的/uj 流程/n 是/v 什么/r
请问/v 新增/v 数据/n 资源/n 的/uj 流程/n 是/v 什么/r,我/r 想/v 新增/v 数据/n 资源/n 请问/v 流程/n 是/v 什么样/r 的/uj
请问/v 新增/v 数据/n 资源/n 的/uj 流程/n 是/v 什么/r,数据/n 资源/n 的/uj 新增/v 流程/n 是/v 什么/r
请问/v 新增/v 数据/n 资源/n 的/uj 流程/n 是/v 什么/r,数组/n 资源/n 添加/v 的/uj 流程/n 是/v 什么/r
请问/v 新增/v 数据/n 资源/n 的/uj 流程/n 是/v 什么/r,要/v 怎么/r 做/v 才能/v 新增/v 数据/n 资源/n
请问/v 新增/v 数据/n 资源/n 的/uj 流程/n 是/v 什么/r,请问/v 怎样/r 新增/v 数据/n 资源/n 呢/y
我/r 的/uj 权限/n 是/v maa/eng 的/uj 产品/n 权限/n 但是/c 我/r 看不到/v portal/eng 上/ns maa/eng 所有/b 的/uj 客户名单/n 能/v 帮/v 我/r 看看/v 吗/y,maa/eng 的/uj 产品/n 权限/n 看不到/v portal/eng 上/ns maa/eng 所有/b 的/uj 客户名单/n 能/v 帮/v 我/r 看看/v 吗/y
我/r 的/uj 权限/n 是/v maa/eng 的/uj 产品/n 权限/n 但是/c 我/r 看不到/v portal/eng 上/ns maa/eng 所有/b 的/uj 客户名单/n 能/v 帮/v 我/r 看看/v 吗/y,为什么/r maa/eng 的/uj 产品/n 权限/n 却/d 看不到/v portal/eng 上/ns maa/eng 所有/b 的/uj 客户名单/n
我/r 的/uj 权限/n 是/v maa/eng 的/uj 产品/n 权限/n 但是/c 我/r 看不到/v portal/eng 上/ns maa/eng 所有/b 的/uj 客户名单/n 能/v 帮/v 我/r 看看/v 吗/y,maa/eng 的/uj 产品/n 权限/n 无法/n 查看/v portal/eng 上/ns maa/eng 所有/b 的/uj 客户名单/n 是/v 什么/r 原因/n 呢/y
我/r 的/uj 权限/n 是/v maa/eng 的/uj 产品/n 权限/n 但是/c 我/r 看不到/v portal/eng 上/ns maa/eng 所有/b 的/uj 客户名单/n 能/v 帮/v 我/r 看看/v 吗/y,我/r 有/v maa/eng 的/uj 产品/n 权限/n 为什么/r 我/r 看不到/v portal/eng 上/ns maa/eng 所有/b 的/uj 客户名单/n
我/r 的/uj 权限/n 是/v maa/eng 的/uj 产品/n 权限/n 但是/c 我/r 看不到/v portal/eng 上/ns maa/eng 所有/b 的/uj 客户名单/n 能/v 帮/v 我/r 看看/v 吗/y,我/r 有/v maa/eng 的/uj 产品/n 权限/n 为什么/r 看不到/v portal/eng 上/ns maa/eng 所有/b 的/uj 客户名单/n
我/r 的/uj 权限/n 是/v maa/eng 的/uj 产品/n 权限/n 但是/c 我/r 看不到/v portal/eng 上/ns maa/eng 所有/b 的/uj 客户名单/n 能/v 帮/v 我/r 看看/v 吗/y,怎么样/r 才能/v 看到/v portal/eng 上/ns maa/eng 所有/b 的/uj 客户名单/n
我/r 的/uj 权限/n 是/v maa/eng 的/uj 产品/n 权限/n 但是/c 我/r 看不到/v portal/eng 上/ns maa/eng 所有/b 的/uj 客户名单/n 能/v 帮/v 我/r 看看/v 吗/y,请问/v 下/v portal/eng 上/ns 查看/v 看/v maa/eng 所有/b 客户名单/n 需要/v 什么/r 权限/n
我/r 的/uj 权限/n 是/v maa/eng 的/uj 产品/n 权限/n 但是/c 我/r 看不到/v portal/eng 上/ns maa/eng 所有/b 的/uj 客户名单/n 能/v 帮/v 我/r 看看/v 吗/y,怎样/r 申请/v maa/eng 所有/b 客户名单/n 权限/n
我/r 的/uj 权限/n 是/v maa/eng 的/uj 产品/n 权限/n 但是/c 我/r 看不到/v portal/eng 上/ns maa/eng 所有/b 的/uj 客户名单/n 能/v 帮/v 我/r 看看/v 吗/y,你好/l 已有/v maa/eng 的/uj 产品/n 权限/n 怎么/r 看不到/v maa/eng 客户名单/n
我/r 的/uj 权限/n 是/v maa/eng 的/uj 产品/n 权限/n 但是/c 我/r 看不到/v portal/eng 上/ns maa/eng 所有/b 的/uj 客户名单/n 能/v 帮/v 我/r 看看/v 吗/y,帮忙/v 查下/v 我/r 为什么/r 看不到/v maa/eng 客户名单/n 已有/v maa/eng 的/uj 权限/n
我/r 的/uj 权限/n 是/v maa/eng 的/uj 产品/n 权限/n 但是/c 我/r 看不到/v portal/eng 上/ns maa/eng 所有/b 的/uj 客户名单/n 能/v 帮/v 我/r 看看/v 吗/y,maa/eng 所有/b 客户名单/n 要/v 怎么/r 才能/v 看/v 的/uj 到/v
我/r 的/uj 权限/n 是/v maa/eng 的/uj 产品/n 权限/n 但是/c 我/r 看不到/v portal/eng 上/ns maa/eng 所有/b 的/uj 客户名单/n 能/v 帮/v 我/r 看看/v 吗/y,maa/eng 客户名单/n 怎么/r 关联/ns
云cas/eng 登录/v 权限/n 该/r 如何/r 申请/v,问/n 一下/m portal/eng 开通/v clouddnspms/eng 单/n 如何/r 填写/v
云cas/eng 登录/v 权限/n 该/r 如何/r 申请/v,你好/l 我/r 想/v 咨询/vn 一下/m portal/eng 账号/n 开通/v clouddns/eng 要/v 走/v 什么样/r 的/uj 流程/n
云cas/eng 登录/v 权限/n 该/r 如何/r 申请/v,dnsquansucloudcom/eng 这个/r 地址/n 现在/t 提示/v 通道/v 错误/n 了/ul 请问/v 该/r 申请/v 什么/r 权限/n
云cas/eng 登录/v 权限/n 该/r 如何/r 申请/v,登录/v 提示/v 通道/v 有误/vn 需要/v 申请/v 云cas/eng 权限/n 要/v 去/v 改/v dns解析/n
云cas/eng 登录/v 权限/n 该/r 如何/r 申请/v,请问/v 全速云/n 的/uj 权限/n 如何/r 申请/v
请问/v 组件/n 管理员/n 权限/n 怎么/r 申请/v,我/r 想/v 添加/v 域名/n 别名/a 请问/v 该/r 申请/v 什么/r 权限/n
请问/v 组件/n 管理员/n 权限/n 怎么/r 申请/v,我/r 想/v 修改/v 域名/n 别名/a 请问/v 该/r 申请/v 什么/r 权限/n
请问/v 组件/n 管理员/n 权限/n 怎么/r 申请/v,我/r 想/v 配置/v 域名/n 别名/a 请问/v 该/r 申请/v 什么/r 权限/n
请问/v nmp/eng 的/uj 登录/v 权限/n 该/r 怎么/r 申请/v,怎么/r 申请/v nmp/eng 的/uj 登录/v 权限/n
请问/v nmp/eng 的/uj 登录/v 权限/n 该/r 怎么/r 申请/v,如何/r 申请/v nmp/eng 的/uj 登录/v 权限/n
请问/v nmp/eng 的/uj 登录/v 权限/n 该/r 怎么/r 申请/v,nmp/eng 的/uj 登录/v 权限/n 怎么/r 申请/v
请问/v 通用岗位/v cdn/eng 通用/v api/eng 文档/n 查看/v 的/uj 权限/n 该/r 如何/r 申请/v,如何/r 申请/v 通用岗位/v cdn/eng 通用/v api/eng 文档/n 查看/v 的/uj 权限/n
请问/v 通用岗位/v cdn/eng 通用/v api/eng 文档/n 查看/v 的/uj 权限/n 该/r 如何/r 申请/v,通用岗位/v cdn/eng 通用/v api/eng 文档/n 查看/v 的/uj 权限/n 要/v 怎么/r 申请/v 呢/y
请问/v 通用岗位/v cdn/eng 通用/v api/eng 文档/n 查看/v 的/uj 权限/n 该/r 如何/r 申请/v,通用岗位/v cdn/eng 通用/v api/eng 文档/n 查看/v 的/uj 权限/n 怎么/r 申请/v
请问/v 通用岗位/v cdn/eng 通用/v api/eng 文档/n 查看/v 的/uj 权限/n 该/r 如何/r 申请/v,怎么/r 申请/v 通用岗位/v cdn/eng 通用/v api/eng 文档/n 查看/v 的/uj 权限/n
请问/v 通用岗位/v cdn/eng 通用/v api/eng 文档/n 查看/v 的/uj 权限/n 该/r 如何/r 申请/v,没有/v 通用岗位/v cdn/eng 通用/v api/eng 文档/n 查看/v 的/uj 权限/n 要/v 怎么/r 申请/v
请问/v 通用岗位/v cdn/eng 通用/v api/eng 文档/n 查看/v 的/uj 权限/n 该/r 如何/r 申请/v,需要/v 申请/v 通用岗位/v cdn/eng 通用/v api/eng 文档/n 查看/v 的/uj 权限/n 请问/v 怎么/r 操作/v
请问/v 通用岗位/v cdn/eng 通用/v api/eng 文档/n 查看/v 的/uj 权限/n 该/r 如何/r 申请/v,我/r 想/v 申请/v 通用岗位/v cdn/eng 通用/v api/eng 文档/n 查看/v 的/uj 权限/n 请问/v 该/r 怎么/r 做/v
请问/v 通用岗位/v cdn/eng 通用/v api/eng 文档/n 查看/v 的/uj 权限/n 该/r 如何/r 申请/v,请问/v 要/v 到/v 哪里/r 申请/v cdn/eng 通用/v api/eng 文档/n 查看/v 的/uj 权限/n 呢/y
请问/v 通用岗位/v cdn/eng 通用/v api/eng 文档/n 查看/v 的/uj 权限/n 该/r 如何/r 申请/v,我/r 发现/v 我/r 没有/v cdn/eng 通用/v api/eng 文档/n 查看/v 的/uj 权限/n 该/r 怎么/r 申请/v 呢/y
请问/v 通用岗位/v cdn/eng 通用/v api/eng 文档/n 查看/v 的/uj 权限/n 该/r 如何/r 申请/v,要/v 怎么/r 做/v 才能/v 查看/v cdn/eng 通用/v api/eng 文档/n 呢/y
请问/v 通用岗位/v cdn/eng 通用/v api/eng 文档/n 查看/v 的/uj 权限/n 该/r 如何/r 申请/v,我/r 想/v 查看/v cdn/eng 通用/v api/eng 文档/n 要/v 怎么/r 申请/v 权限/n 呢/y
请问/v 通用岗位/v cdn/eng 通用/v api/eng 文档/n 查看/v 的/uj 权限/n 该/r 如何/r 申请/v,怎么/r 申请/v 通用岗位/v cdn/eng 通用/v api/eng 文档/n 查看/v 的/uj 权限/n
只能/v 每个/r 人/n 单独/d 发起/v 账号/n 关联/ns 权限/n 的/uj pms/eng 工单/n 吗/y 工单/n 是否/v 支持/v 多/m 账号/n 批量/n 输入/v,你好/l pms/eng 工单/n 支持/v 多/m 账号/n 关联/ns 相同/d 权限/n 吗/y
只能/v 每个/r 人/n 单独/d 发起/v 账号/n 关联/ns 权限/n 的/uj pms/eng 工单/n 吗/y 工单/n 是否/v 支持/v 多/m 账号/n 批量/n 输入/v,请问/v pms/eng 工单/n 可以/c 多/m 账号/n 批量/n 输入/v 吗/y
只能/v 每个/r 人/n 单独/d 发起/v 账号/n 关联/ns 权限/n 的/uj pms/eng 工单/n 吗/y 工单/n 是否/v 支持/v 多/m 账号/n 批量/n 输入/v,你好/l 每个/r 人/n 单独/d 发起/v 账号/n 关联/ns 权限/n 很/zg 麻烦/an 工单/n 是否/v 支持/v 多/m 账号/n 关联/ns
我/r 填写/v 工单/n 时/n 找不到/v 岗位/n 请问/v 该/r 怎么办/l,我/r 填写/v 工单/n 时/n 找不到/v 角色/n 请问/v 该/r 怎么办/l
我/r 填写/v 工单/n 时/n 找不到/v 岗位/n 请问/v 该/r 怎么办/l,我/r 填写/v 工单/n 时/n 找不到/v 组件/n 请问/v 该/r 怎么办/l
pms/eng 工单/n 流转/v 到/v 下一步/m 的/uj 组件/n 接口/v 人/n 时/ng 下一步/m 处理/v 人为/n 空/n 怎么办/l,pms/eng 工单/n 流转/v 下一步/m 处理/v 人/n 不存在/v 如何/r 处理/v
pms/eng 工单/n 流转/v 到/v 下一步/m 的/uj 组件/n 接口/v 人/n 时/ng 下一步/m 处理/v 人为/n 空/n 怎么办/l,pms/eng 工单/n 流转/v 时/n 没有/v 下一步/m 处理/v 人/n 怎么办/l
pms/eng 工单/n 流转/v 到/v 下一步/m 的/uj 组件/n 接口/v 人/n 时/ng 下一步/m 处理/v 人为/n 空/n 怎么办/l,pms/eng 工单/n 到/v 某一步/m 时/n 没有/v 下一步/m 处理/v 人/n 应该/v 找谁/v
请问/v 人员/n 离职/v 之后/f 该/r 如何/r 更新/d pms/eng 上/f 的/uj 组件/n 配置/v 信息/n 才/d 不会/v 影响/vn portal/eng 账号/n 权限/n 申请/v 的/uj 审批/v,请问/v 人员/n 离职/v 之后/f 该/r 如何/r 更新/d pms/eng 上/f 的/uj 组件/n 配置/v 信息/n 才/d 不会/v 影响/vn 相关/v 的/uj pms/eng 流程/n
请问/v 人员/n 离职/v 之后/f 该/r 如何/r 更新/d pms/eng 上/f 的/uj 组件/n 配置/v 信息/n 才/d 不会/v 影响/vn portal/eng 账号/n 权限/n 申请/v 的/uj 审批/v,pms/eng 上/ns 配置/v 的/uj 组件/n 运营/vn 接口/v 人/n 名单/n 有误/vn 请问/v 在/p 哪里/r 更新/d
我/r 需要/v 审核/v portal/eng 工单/n 请问/v 该/r 怎么/r 做/v,如果/c 别的/r 岗位/n 申请/v 我/r 负责/v 组件/n 的/uj 权限/n 会/v 通知/v 到/v 我/r 吗/y
我/r 需要/v 审核/v portal/eng 工单/n 请问/v 该/r 怎么/r 做/v,portal/eng 工单/n 怎么/r 审核/v 呢/y
我/r 是/v 新/a 入职/v 员工/n 我/r 在/p pms/eng 上/ns 申请/v portal/eng 权限/n 找不到/v 下一步/m 处理/v 人/n 请问/v 该/r 选/v 谁/r,申请/v portal/eng 权限/n 找不到/v 下一步/m 处理/v 人/n 怎么办/l
我/r 是/v 新/a 入职/v 员工/n 我/r 在/p pms/eng 上/ns 申请/v portal/eng 权限/n 找不到/v 下一步/m 处理/v 人/n 请问/v 该/r 选/v 谁/r,新员工/n 申请/v portal/eng 权限/n 没有/v 下一步/m 处理/v 人/n 该/r 选/v 谁/r
我/r 是/v 新/a 入职/v 员工/n 我/r 在/p pms/eng 上/ns 申请/v portal/eng 权限/n 找不到/v 下一步/m 处理/v 人/n 请问/v 该/r 选/v 谁/r,你好/l 我/r 在/p pms/eng 上/ns 走流程/v 申请/v portal/eng 权限/n 时/n 没有/v 下一步/m 的/uj 处理/v 人/n 这种/r 情况/n 该/r 怎么办/l
流程/n 走到/v 你/r 这里/r 了请/v 帮忙/v 审批/v 下/f,请/v 帮忙/v 处理/v 一下/m 工单/n 谢谢/nr
流程/n 走到/v 你/r 这里/r 了请/v 帮忙/v 审批/v 下/f,有个/r 工单/n 帮忙/v 处理/v 一下/m
流程/n 走到/v 你/r 这里/r 了请/v 帮忙/v 审批/v 下/f,麻烦/an 帮忙/v 审批/v 一个/m 工单/n
流程/n 走到/v 你/r 这里/r 了请/v 帮忙/v 审批/v 下/f,亲/v 工单/n 帮忙/v 审核/v 下/f
流程/n 走到/v 你/r 这里/r 了请/v 帮忙/v 审批/v 下/f,有个/r 流程/n 单/d 到/v 你/r 那/r 了/ul 帮忙/v 审核/v 下/f
请问/v 如何/r 修改/v portal/eng 入口/ns 菜单/n 的/uj 名称/n,你好/l 怎么/r 修改/v portal/eng 入口/ns 菜单/n 的/uj 名称/n
请问/v 如何/r 修改/v portal/eng 入口/ns 菜单/n 的/uj 名称/n,portal/eng 入口/ns 菜单/n 的/uj 名称/n 怎么/r 改/v
请问/v 如何/r 修改/v portal/eng 入口/ns 菜单/n 的/uj 名称/n,我/r 可以/c 修改/v portal/eng 入口/ns 菜单名/n 吗/y
请问/v 如何/r 修改/v portal/eng 入口/ns 菜单/n 的/uj 名称/n,顶级/n 菜单/n 的/uj 名称/n 可以/c 修改/v 吗/y
原来/d 的/uj 一级菜单/n 想/v 修改/v 为/p 顶级/n 菜单/n 权限/n 保持/v 不变/v 请问/v 该/r 如何/r 操作/v,修改/v 菜单/n 的/uj 层级/n 怎么/r 操作/v
原来/d 的/uj 一级菜单/n 想/v 修改/v 为/p 顶级/n 菜单/n 权限/n 保持/v 不变/v 请问/v 该/r 如何/r 操作/v,怎么/r 把/p 一级菜单/n 改为/v 顶级/n 菜单/n
原来/d 的/uj 一级菜单/n 想/v 修改/v 为/p 顶级/n 菜单/n 权限/n 保持/v 不变/v 请问/v 该/r 如何/r 操作/v,怎么/r 把/p 一级菜单/n 上/f 提为/v 顶级/n 菜单/n
原来/d 的/uj 一级菜单/n 想/v 修改/v 为/p 顶级/n 菜单/n 权限/n 保持/v 不变/v 请问/v 该/r 如何/r 操作/v,你好/l 保持/v 权限/n 不变/v 的/uj 情况/n 下/f 怎么/r 修改/v 一级菜单/n 为/p 顶级/n 菜单/n
请问/v 申请/v 功能码/n 怎么/r 操作/v,你好/l 请问/v 怎么/r 申请/v 功能码/n
请问/v 申请/v 功能码/n 怎么/r 操作/v,我/r 想/v 申请/v 功能码/n 需要/v 怎么/r 做/v
请问/v 申请/v 功能码/n 怎么/r 操作/v,申请/v 功能码/n 需要/v 走/v 什么/r 流程/n
请问/v 移动/vn 菜单/n 位置/v 怎么/r 走流程/v,请问/v 调整/vn 菜单/n 顺序/n 怎么/r 操作/v
请问/v 移动/vn 菜单/n 位置/v 怎么/r 走流程/v,请问/v 移动/vn 功能码/n 位置/v 怎么/r 走流程/v
新组件/n 上线/n 该/r 走/v 什么/r 流程/n,如果/c 我/r 要/v 新增/v 组件/n 需要/v 走/v 什么/r 申请/v 流程/n
新组件/n 上线/n 该/r 走/v 什么/r 流程/n,新组件/n 接入/v portal/eng 做/v 权限/n 管理/vn 请问/v 怎么/r 走流程/v
新组件/n 上线/n 该/r 走/v 什么/r 流程/n,请问/v 如何/r 申请/v 组件/n
为什么/r 我/r 的/uj 组件/n 名称/n 在/p portal/eng 中/ns 找不到/v,我/r 的/uj 组件/n 在/p portal/eng 中/ns 怎么/r 找不到/v
为什么/r 我/r 的/uj 组件/n 名称/n 在/p portal/eng 中/ns 找不到/v,为什么/r 我/r 在/p portal/eng 中/ns 找不到/v 我/r 的/uj 组件/n
为什么/r 我/r 的/uj 组件/n 名称/n 在/p portal/eng 中/ns 找不到/v,你好/l 为什么/r 在/p portal/eng 中/ns 找不到/v 我/r 的/uj 组件/n
为什么/r 我/r 的/uj 组件/n 名称/n 在/p portal/eng 中/ns 找不到/v,在/p portal/eng 中/ns 找不到/v 这个/r 组件/n 是/v 什么/r 原因/n
为什么/r 我/r 的/uj 组件/n 名称/n 在/p portal/eng 中/ns 找不到/v,怎么样/r 才/d 可以/c 在/p portal/eng 中/ns 找到/v 我/r 的/uj 组件/n
请问/v 新增/v 角色/n 在/p 哪里/r 走流程/v,有个/r 菜单/n 要/v 给/p 客户/n 使用/v 需要/v 添加/v 一个/m 角色/n 怎么/r 走流程/v
请问/v 新增/v 角色/n 在/p 哪里/r 走流程/v,请问/v 不能/v 使用/v 岗位/n 管理/vn 的/uj 组件/n 变动/vn 角色/n 权限/n pms/eng 工单/n 入口/ns 在/p 哪里/r
请问/v 新增/v 角色/n 在/p 哪里/r 走流程/v,不能/v 使用/v 岗位/n 权限/n 管理/vn 的/uj 组件/n 新增/v 菜单/n 需要/v 关联/ns 角色/n 找不到/v 工单/n 入口/ns 该/r 怎么/r 走流程/v
组件/n 新增/v 了/ul 产品/n 功能/n 该/r 如何/r 走流程/v,组件/n 新增/v 了/ul 产品/n 功能/n 让/v 部门/n 权限/n 接口/v 人/n 去/v 申请/v 这样/r 会/v 不会/v 更好/d
组件/n 新增/v 了/ul 产品/n 功能/n 该/r 如何/r 走流程/v,我们/r 组件/n 新增/v 产品/n 功能/n 需要/v 走/v 什么/r 流程/n
组件/n 新增/v 了/ul 产品/n 功能/n 该/r 如何/r 走流程/v,新增/v 产品/n 功能/n 要/v 走/v 什么/r 流程/n
请问/v 如何/r 查询/v 账号/n 关联/ns 的/uj 角色/n,怎么/r 查询/v 账号/n 的/uj 关联/ns 角色/n
请问/v 如何/r 查询/v 账号/n 关联/ns 的/uj 角色/n,关联/ns 账号/n 的/uj 角色/n 可以/c 从/p 哪里/r 查询/v 呢/y
线上/a 环境/n 申请/v 新增/v 应用/v 请问/v 应该/v 找谁/v,线上/a 环境/n 申请/v 新增/v 数据/n 资源/n 请问/v 应该/v 找谁/v
线上/a 环境/n 申请/v 新增/v 应用/v 请问/v 应该/v 找谁/v,申请/v 应用/v 也/d 是/v 走/v portal/eng 申请/v 吗/y
我/r 想/v 对/p 子菜单/n 做/v 特殊/a 权限/n 管理/vn 即/v 子菜单/n 仅/d 对/p 部分/n 人/n 可见/v 请问/v 该/r 怎么/r 申请/v,我/r 想/v 让/v 子菜单/n 仅/d 对/p 部分/n 人/n 可见/v 怎么/r 操作/v
我/r 想/v 对/p 子菜单/n 做/v 特殊/a 权限/n 管理/vn 即/v 子菜单/n 仅/d 对/p 部分/n 人/n 可见/v 请问/v 该/r 怎么/r 申请/v,子菜单/n 可以/c 增加/v 特殊/a 的/uj 权限/n 吗/y 怎么/r 操作/v
我/r 想/v 对/p 子菜单/n 做/v 特殊/a 权限/n 管理/vn 即/v 子菜单/n 仅/d 对/p 部分/n 人/n 可见/v 请问/v 该/r 怎么/r 申请/v,有个/r 菜单/n 我/r 想/v 让/v 它/r 只/d 对/p 部署/n 人/n 可见/v 需要/v 怎么/r 做/v
如果/c 有/v 多个/m 组件/n 的/uj 权限/n 需要/v 变动/vn 是否/v 需要/v 填写/v 多/m 张/q 工单/n,一个/m 工单/n 只能/v 对应/vn 一个/m 组件/n 的/uj 权限/n 变动/vn 吗/y
如果/c 有/v 多个/m 组件/n 的/uj 权限/n 需要/v 变动/vn 是否/v 需要/v 填写/v 多/m 张/q 工单/n,多个/m 组件/n 权限/n 变动/vn 怎么办/l
如果/c 有/v 多个/m 组件/n 的/uj 权限/n 需要/v 变动/vn 是否/v 需要/v 填写/v 多/m 张/q 工单/n,我/r 有/v 两个/m 组件/n 权限/n 需要/v 变动/vn 需要/v 填/v 几个/m 工单/n
请问/v 查询/v 我/r 自己/r 的/uj 账号/n 关联/ns 的/uj 岗位/n 名称/n 该/r 如何/r 操作/v,问/n 一下/m 怎么/r 看/v 自己/r 用/p 的/uj 哪个/r 岗位/n
请问/v 查询/v 我/r 自己/r 的/uj 账号/n 关联/ns 的/uj 岗位/n 名称/n 该/r 如何/r 操作/v,怎么/r 查询/v 岗位/n 和/c 账号/n 的/uj 关联关系/n
请问/v 查询/v 我/r 自己/r 的/uj 账号/n 关联/ns 的/uj 岗位/n 名称/n 该/r 如何/r 操作/v,怎么/r 查询/v 某个/r 岗位/n 都/d 关联/ns 了/ul 哪些/r 账号/n
新/a 岗位/n 名称/n 和/c 代码/n 有没有/v 命名/n 规范/n,你好/l 请问/v 新/a 岗位/n 名称/n 和/c 代码/n 有没有/v 命名/n 规范/n
新/a 岗位/n 名称/n 和/c 代码/n 有没有/v 命名/n 规范/n,我/r 想/v 问/v 一下/m 新/a 岗位/n 名称/n 和/c 代码/n 有/v 命名/n 规范/n 吗/y
新/a 岗位/n 名称/n 和/c 代码/n 有没有/v 命名/n 规范/n,新增/v 岗位/n 的/uj 名称/n 和/c 代码/n 的/uj 命名/n 规范/n 是/v 什么/r
新/a 岗位/n 名称/n 和/c 代码/n 有没有/v 命名/n 规范/n,去/v 哪里/r 看/v 新增/v 岗位/n 名称/n 和/c 代码/n 的/uj 命名/n 规范/n
我/r 想/v 申请/v wiki/eng 空间/n 请问/v 流程/n 是/v 什么/r,申请/v wiki/eng 空间/n 的/uj 操作/v 流程/n 是/v 什么/r
我/r 想/v 申请/v wiki/eng 空间/n 请问/v 流程/n 是/v 什么/r,你好/l 我/r 想/v 问/v 一下/m 怎么/r 申请/v wiki/eng 空间/n
我/r 想/v 申请/v wiki/eng 空间/n 请问/v 流程/n 是/v 什么/r,wiki/eng 空间/n 如何/r 申请/v
我/r 想/v 申请/v wiki/eng 空间/n 请问/v 流程/n 是/v 什么/r,请问/v 开通/v wiki/eng 空间/n 的/uj 流程/n 是/v 什么/r
请问/v 有没有/v confluence/eng 教程/n 可以/c 查看/v,confluence/eng 如何/r 使用/v
请问/v 有没有/v confluence/eng 教程/n 可以/c 查看/v,confluence/eng 有/v 教程/n 吗/y
请问/v 有没有/v confluence/eng 教程/n 可以/c 查看/v,confluence/eng 不会/v 用/p 怎么办/l
请问/v 有没有/v confluence/eng 教程/n 可以/c 查看/v,我/r 想要/v 找/v confluence/eng 的/uj 教程/n 在/p 哪里/r 有/v
请问/v 有没有/v confluence/eng 教程/n 可以/c 查看/v,如何/r 查看/v confluence/eng 教程/n
请问/v 有没有/v confluence/eng 教程/n 可以/c 查看/v,有没有/v confluence/eng 教程/n
请问/v 有没有/v confluence/eng 教程/n 可以/c 查看/v,confluence/eng 教程/n 有/v 吗/y
请问/v wiki/eng 账号/n 怎么/r 申请/v,wiki/eng 账号/n 要/v 怎么/r 申请/v
请问/v wiki/eng 账号/n 怎么/r 申请/v,哪里/r 可以/c 申请/v wiki/eng 的/uj 账号/n
请问/v wiki/eng 账号/n 怎么/r 申请/v,wiki/eng 账号/n 申请/v 的/uj 流程/n 是/v 怎么样/r 的/uj
请问/v wiki/eng 账号/n 怎么/r 申请/v,你好/l 请问/v 怎么/r 申请/v wiki/eng 账号/n
请问/v wiki/eng 账号/n 怎么/r 申请/v,我/r 想/v 申请/v wiki/eng 账号/n 应该/v 怎么/r 操作/v
请问/v wiki/eng 账号/n 怎么/r 申请/v,我/r 要/v 怎么/r 申请/v wiki/eng 账号/n
请问/v wiki/eng 账号/n 怎么/r 申请/v,wiki/eng 账号/n 在/p 哪里/r 申请/v
请问/v wiki/eng 账号/n 怎么/r 申请/v,怎么/r 开通/v wiki/eng 账号/n 呢/y
请问/v wiki/eng 账号/n 怎么/r 申请/v,wiki/eng 的/uj 账号/n 要/v 如何/r 申请/v
请问/v wiki/eng 账号/n 怎么/r 申请/v,请问/v 我们/r 公司/n 的/uj wiki/eng 账号/n 要/v 怎样/r 申请/v
请问/v wiki/eng 账号/n 怎么/r 申请/v,请问/v confluencewiki/eng 要/v 怎样/r 申请/v
请问/v wiki/eng 账号/n 怎么/r 申请/v,请问/v confluence/eng 要/v 怎样/r 申请/v
请问/v wiki/eng 账号/n 怎么/r 申请/v,请问/v wiki/eng 账号/n 要/v 怎样/r 申请/v
请问/v wiki/eng 账号/n 怎么/r 申请/v,你好/l 我/r 没有/v wiki/eng 账号/n 要/v 怎样/r 申请/v
请问/v wiki/eng 账号/n 怎么/r 申请/v,你好/l 我/r 没有/v wiki/eng 账号/n 要/v 怎样/r 获取/v
请问/v wiki/eng 账号/n 怎么/r 申请/v,请问/v 我们/r 公司/n 的/uj wiki/eng 账号/n 要/v 找谁/v
请问/v wiki/eng 账号/n 怎么/r 申请/v,请问/v wiki/eng 账号/n 要要/c 找谁/v
请问/v wiki/eng 账号/n 怎么/r 申请/v,我/r 要/v 怎么/r 注册/v wiki/eng 账号/n
请问/v wiki/eng 账号/n 怎么/r 申请/v,wiki/eng 账号/n 能/v 申请/v 么/y 如果/c 能/v 的话/u 该/r 怎么/r 申请/v
请问/v wiki/eng 账号/n 怎么/r 申请/v,wiki/eng 账号/n 咋/r 申请/v 啊/zg
请问/v wiki/eng 账号/n 怎么/r 申请/v,咋/r 申请/v wiki/eng 账号/n 啊/zg
请问/v wiki/eng 账号/n 怎么/r 申请/v,教/v 我/r 申请/v wiki/eng 账号/n 好不好/l 啊/zg
请问/v wiki/eng 账号/n 怎么/r 申请/v,wiki/eng 账号/n 该/r 怎么/r 注册/v 说/v 清楚点/a 不然/c 我/r 投诉/v 你/r
我/r 想/v 开通/v wiki/eng 的/uj 访问/v 权限/n 请问/v 流程/n 是/v 什么/r,你好/l 我/r 没有/v wiki/eng 访问/v 权限/n 应该/v 怎么/r 做/v
我/r 想/v 开通/v wiki/eng 的/uj 访问/v 权限/n 请问/v 流程/n 是/v 什么/r,请问/v 怎么/r 开通/v wiki/eng 的/uj 访问/v 权限/n
我/r 想/v 开通/v wiki/eng 的/uj 访问/v 权限/n 请问/v 流程/n 是/v 什么/r,怎样/r 开通/v wiki/eng 的/uj 访问/v 权限/n
我/r 想/v 开通/v wiki/eng 的/uj 访问/v 权限/n 请问/v 流程/n 是/v 什么/r,wiki/eng 访问/v 权限/n 要/v 找谁/v 开通/v
我/r 想/v 开通/v wiki/eng 的/uj 访问/v 权限/n 请问/v 流程/n 是/v 什么/r,请问/v 怎样/r 开通/v wiki/eng 的/uj 访问/v 权限/n
我/r 想/v 开通/v wiki/eng 的/uj 访问/v 权限/n 请问/v 流程/n 是/v 什么/r,请问/v 开通/v wiki/eng 的/uj 访问/v 权限/n 的/uj 流程/n 是/v 什么/r
我/r 想/v 开通/v wiki/eng 的/uj 访问/v 权限/n 请问/v 流程/n 是/v 什么/r,你好/l 开通/v wiki/eng 的/uj 访问/v 权限/n 有/v 相关/v 文档/n 吗/y
我/r 想/v 开通/v wiki/eng 的/uj 访问/v 权限/n 请问/v 流程/n 是/v 什么/r,你好/l 我们/r 要/v 怎样/r 开通/v wiki/eng 的/uj 访问/v 权限/n 呢/y
我/r 想/v 开通/v wiki/eng 的/uj 访问/v 权限/n 请问/v 流程/n 是/v 什么/r,wiki/eng 的/uj 访问/v 权限/n 如何/r 开通/v
我/r 想/v 开通/v wiki/eng 的/uj 访问/v 权限/n 请问/v 流程/n 是/v 什么/r,要/v 怎么/r 开通/v wiki/eng 的/uj 访问/v 权限/n
我/r 想/v 开通/v wiki/eng 的/uj 访问/v 权限/n 请问/v 流程/n 是/v 什么/r,wiki/eng 权限/n 找谁/v 开通/v
wiki地址/n 打不开/v 怎么办/l,你好/l 请问/v 我/r 打不开/v wiki地址/n 怎么办/l
wiki地址/n 打不开/v 怎么办/l,打不开/v wiki地址/n 是/v 什么/r 原因/n 呢/y
wiki地址/n 打不开/v 怎么办/l,confluence/eng 打不开/v 怎么办/l
wiki地址/n 打不开/v 怎么办/l,为啥/r wiki地址/n 打不开/v 了/ul
wiki地址/n 打不开/v 怎么办/l,wiki地址/n 打不开/v 的/uj 原因/n 是/v 什么/r 怎么/r 解决/v
wiki地址/n 打不开/v 怎么办/l,现在/t 是/v 几点/m
请问/v pms/eng 的/uj 问题/n 应该/v 找谁/v 咨询/vn,我/r 想/v 问/v pms/eng 相关/v 问题/n
请问/v pms/eng 的/uj 问题/n 应该/v 找谁/v 咨询/vn,pms/eng 有/v 问题/n 找谁/v
请问/v pms/eng 的/uj 问题/n 应该/v 找谁/v 咨询/vn,pms/eng 问题/n 咨询/vn 谁/r
请问/v pms/eng 的/uj 问题/n 应该/v 找谁/v 咨询/vn,pms/eng 负责人/n 是/v 谁/r
si/eng 账号密码/n 和/c portal/eng 账户/n 系统/n 是/v 一样/r 的么/d,si/eng 可以/c 用/p portal/eng 账号/n 登录/v 吗/y
si/eng 账号密码/n 和/c portal/eng 账户/n 系统/n 是/v 一样/r 的么/d,用/p portal/eng 账号/n 可以/c 登录/v si/eng
请问/v 账号/n 的/uj 申请/v 流程/n,怎么/r 申请/v
请问/v 账号/n 的/uj 申请/v 流程/n,账号/n 找谁/v 申请/v
请问/v 账号/n 的/uj 申请/v 流程/n,怎么/r 开通/v 账号/n
请问/v 账号/n 的/uj 申请/v 流程/n,申请/v 说明/v
请问/v 权限/n 的/uj 申请/v 流程/n,请问/v 密码/n 过期/t 了/ul 怎么办/l
请问/v 权限/n 的/uj 申请/v 流程/n,账号/n 权限/n 怎么/r 申请/v
请问/v 权限/n 的/uj 申请/v 流程/n,你好/l 我/r 想/v 申请/v 账号/n 权限/n 要/v 怎么/r 操作/v
请问/v 权限/n 的/uj 申请/v 流程/n,账号/n 的/uj 权限/n 申请/v 应该/v 走/v 什么/r 流程/n
请问/v 开通/v 单/n 系统/n 密码/n 重置/n 应该/v 找谁/v 处理/v,开通/v 单/n 系统/n 密码/n 怎么/r 重置/n
请问/v 开通/v 单/n 系统/n 密码/n 重置/n 应该/v 找谁/v 处理/v,开通/v 单/n 系统/n 密码/n 重置/n
请问/v 开通/v 单/n 系统/n 密码/n 重置/n 应该/v 找谁/v 处理/v,该/r 找谁/v 重置/n 开通/v 单/n 系统/n 密码/n
请问/v 为/p 网宿/n 内部/f 账号/n 配置/v 白名单/nr pms/eng 应该/v 走/v 哪个/r 流程/n,网宿/n 内部/f 账号/n 配置/v 白名单/nr 怎么/r 操作/v
请问/v 为/p 网宿/n 内部/f 账号/n 配置/v 白名单/nr pms/eng 应该/v 走/v 哪个/r 流程/n,请问/v 内部/f 账号/n 配置/v 白名单/nr 怎么/r 搞/v
请问/v 为/p 网宿/n 内部/f 账号/n 配置/v 白名单/nr pms/eng 应该/v 走/v 哪个/r 流程/n,内部/f 账号/n 配置/v 白名单/nr 要/v 走流程/v 吗/y
请问/v 为/p 网宿/n 内部/f 账号/n 配置/v 白名单/nr pms/eng 应该/v 走/v 哪个/r 流程/n,怎么/r 给/p 内部/f 账号/n 配置/v 白名单/nr
请问/v 为/p 网宿/n 内部/f 账号/n 配置/v 白名单/nr pms/eng 应该/v 走/v 哪个/r 流程/n,想/v 给/p 内部/f 账号/n 配置/v 下/f 白名单/nr 要/v 找谁/v 操作/v 下/f
请问/v 为/p 网宿/n 内部/f 账号/n 配置/v 白名单/nr pms/eng 应该/v 走/v 哪个/r 流程/n,能/v 帮忙/v 配置/v 下/f 内部/f 账号/n 白名单/nr 吗/y
task/eng 权限/n 不够/v 该/r 找谁/v 处理/v,portal/eng 都/d 有/v 哪些/r 权限/n 可以/c 申请/v
task/eng 权限/n 不够/v 该/r 找谁/v 处理/v,task/eng 权限/n 要/v 开通/v 流水/n 功能/n 找谁/v
task/eng 权限/n 不够/v 该/r 找谁/v 处理/v,task/eng 要/v 进行/v 服务器/n 授权/v 找谁/v
task/eng 权限/n 不够/v 该/r 找谁/v 处理/v,task/eng 服务器/n 授权/v 没有/v 权限/n
请问/v task/eng 账号/n 的/uj 申请/v 流程/n 是/v 什么/r,如何/r 开通/v task/eng 账号/n
请问/v task/eng 账号/n 的/uj 申请/v 流程/n 是/v 什么/r,我/r 没有/v task/eng 账号/n 要/v 怎么样/r 才能/v 拥有/v task/eng 账号/n 呢/y
请问/v task/eng 账号/n 的/uj 申请/v 流程/n 是/v 什么/r,能/v 告诉/v 我/r 找谁/v 去/v 开通/v task/eng 账号/n
请问/v task/eng 账号/n 的/uj 申请/v 流程/n 是/v 什么/r,我/r 想/v 知道/v 怎么/r 申请/v task/eng 账号/n
请问/v task/eng 账号/n 的/uj 申请/v 流程/n 是/v 什么/r,申请/v task/eng 账号/n 的/uj 流程/n 能发/v 我/r 看/v 一下/m 么/y
请问/v task/eng 账号/n 的/uj 申请/v 流程/n 是/v 什么/r,可以/c 告诉/v 我/r 如何/r 申请/v task/eng 账号/n 吗/y
task/eng 密码/n 忘记/v 了/ul 怎么办/l,忘记/v task/eng 密码/n
task/eng 密码/n 忘记/v 了/ul 怎么办/l,怎么/r 找回/v task/eng 密码/n
task/eng 密码/n 忘记/v 了/ul 怎么办/l,在/p 哪里/r 找回/v task/eng 密码/n
请问/v portal/eng 数据/n 导出/v 需求/v 应该/v 找谁/v 处理/v,我/r 要/v 怎么/r 导出/v portal/eng 数据/n
请问/v portal/eng 数据/n 导出/v 需求/v 应该/v 找谁/v 处理/v,应该/v 走/v 什么/r 流程/n 导出/v portal/eng 数据/n
我/r 想/v 注册/v 云平台/n 但是/c 发现/v 手机号/n 被/p 占用/v 了/ul 该/r 怎么办/l,注册/v 云平台/n 的/uj 时候/n 提示/v 手机号/n 被/p 占用/v
我/r 想/v 注册/v 云平台/n 但是/c 发现/v 手机号/n 被/p 占用/v 了/ul 该/r 怎么办/l,注册/v 全速云/n 手机/n 被/p 占用/v
请问/v 权限/n 什么/r 时候/n 生效/n,请问/v 权限/n 是否/v 已经/d 生效/n
请问/v 权限/n 什么/r 时候/n 生效/n,你好/l 请问/v 权限/n 生效/n 需要/v 多久/m
请问/v 权限/n 什么/r 时候/n 生效/n,工单/n 结束/v 要/v 等/u 多久/m 权限/n 才/d 会/v 生效/n
请问/v 权限/n 什么/r 时候/n 开通/v 我/r 现在/t 查看/v 菜单/n 为什么/r 还是/c 显示/v,权限/n 申请/v 完毕/v 查看/v 菜单/n 还是/c 提示/v
请问/v 权限/n 什么/r 时候/n 开通/v 我/r 现在/t 查看/v 菜单/n 为什么/r 还是/c 显示/v,请问/v 权限/n 开通/v 要/v 多久/m
权限/n 已经/d 开通/v 为什么/r 还是/c 看不到/v 菜单/n,权限/n 已经/d 配置/v 请问/v 菜单/n 入口/ns 在/p 哪里/r 我/r 怎么/r 找不到/v 入口/ns
权限/n 已经/d 开通/v 为什么/r 还是/c 看不到/v 菜单/n,你好/l 我/r 的/uj 权限/n 已经/d 开通/v 了/ul 但是/c 看不到/v 菜单/n 入口/ns 怎么回事/l
请问/v 销售/vn 申请/v 额外/b 权限/n 的/uj 流程/n 是/v 什么/r,请问/v 售前/v 申请/v 额外/b 权限/n 的/uj 流程/n 是/v 什么/r
请问/v 销售/vn 申请/v 额外/b 权限/n 的/uj 流程/n 是/v 什么/r,销售/vn 怎么/r 申请/v 额外/b 权限/n
请问/v 销售/vn 申请/v 额外/b 权限/n 的/uj 流程/n 是/v 什么/r,销售/vn 申请/v 额外/b 的/uj 权限/n 要/v 走/v 什么/r 流程/n
请问/v 销售/vn 申请/v 额外/b 权限/n 的/uj 流程/n 是/v 什么/r,你好/l 请问/v 销售/vn 可以/c 申请/v 额外/b 的/uj 权限/n 吗/y 要/v 怎么/r 操作/v
请问/v 销售/vn 申请/v 额外/b 权限/n 的/uj 流程/n 是/v 什么/r,我/r 想/v 问/v 一下/m 销售/vn 怎么/r 申请/v 额外/b 的/uj 权限/n
